,site_id,name,lon,lat,pos_usr_id,Monday,Tuesday,Wednesday,Thursday,Friday,Saturday,Sunday,June,July,August,September,fox,bear,wolf,count
0,622,0,0,0,0,39,26,18,29,35,18,33,37,75,53,33,180,12,6,623
1,318,0,0,0,0,119,233,125,168,194,146,187,84,517,495,76,517,473,182,319
4,304,0,0,0,0,60,39,42,47,82,52,47,98,148,122,1,124,182,63,305
7,31,0,0,0,0,114,141,164,145,142,175,169,45,364,617,24,207,363,480,32
13,409,0,0,0,0,30,30,32,30,46,99,44,50,132,124,5,18,207,86,410
14,716,0,0,0,0,54,44,48,53,55,37,31,44,120,158,0,82,132,108,717
23,679,0,0,0,0,14,11,11,27,9,17,19,12,29,65,2,47,25,36,680
29,516,0,0,0,0,67,115,101,89,113,68,55,10,174,424,0,287,188,133,517
35,1008,0,0,0,0,13,32,34,38,20,23,29,13,75,78,23,36,53,100,1009
43,773,0,0,0,0,104,120,80,81,127,125,82,35,267,415,2,153,127,439,774
44,794,0,0,0,0,123,126,122,66,92,145,114,24,285,448,31,145,339,304,795
53,13,0,0,0,0,86,186,155,203,143,147,177,21,474,554,48,342,535,220,14
69,186,0,0,0,0,117,232,226,166,199,222,225,70,452,860,5,223,510,654,187
87,22,0,0,0,0,8,8,4,2,10,0,2,29,0,5,0,33,1,0,23
88,76,0,0,0,0,23,32,22,33,71,58,24,13,112,129,9,97,131,35,77
95,862,0,0,0,0,32,44,69,57,53,71,45,35,126,205,5,53,164,154,863
97,191,0,0,0,0,10,20,13,15,13,21,13,38,45,22,0,21,23,61,192
108,878,0,0,0,0,6,15,11,9,16,10,10,5,31,35,6,50,14,13,879
112,270,0,0,0,0,35,94,70,56,67,67,36,5,184,223,13,63,158,204,271
116,252,0,0,0,0,3,1,2,2,2,7,2,4,9,6,0,13,3,3,253
120,423,0,0,0,0,61,45,34,37,34,53,47,9,76,218,8,95,66,150,424
122,759,0,0,0,0,11,23,29,16,20,16,6,4,61,56,0,81,14,26,760
131,502,0,0,0,0,98,152,139,117,114,91,114,21,317,478,9,153,247,425,503
140,949,0,0,0,0,51,49,27,31,28,31,45,49,88,123,2,101,42,119,950
143,445,0,0,0,0,41,58,40,56,50,41,60,9,140,195,2,111,112,123,446
144,242,0,0,0,0,18,44,32,46,24,45,23,1,126,102,3,122,32,78,243
145,230,0,0,0,0,390,373,341,263,304,305,306,117,906,1245,14,670,591,1021,231
174,579,0,0,0,0,151,160,134,111,93,100,134,14,442,425,2,272,338,273,580
176,55,0,0,0,0,10,14,18,9,10,8,9,4,52,21,1,36,17,25,56
177,78,0,0,0,0,5,7,4,3,6,2,0,3,13,11,0,6,10,11,79
189,414,0,0,0,0,50,35,61,53,22,58,22,5,88,187,21,108,117,76,415
196,100,0,0,0,0,13,18,5,2,5,6,8,19,20,18,0,29,19,9,101
202,488,0,0,0,0,19,8,12,17,8,13,7,6,15,62,1,63,9,12,489
207,442,0,0,0,0,7,12,1,0,5,3,5,5,13,15,0,27,3,3,443
210,281,0,0,0,0,4,2,4,3,2,1,4,8,7,5,0,6,11,3,282
219,698,0,0,0,0,23,31,22,13,20,10,10,5,107,17,0,76,14,39,699
220,208,0,0,0,0,16,26,14,8,22,13,18,1,48,56,12,32,16,69,209
222,755,0,0,0,0,0,10,3,4,12,2,1,9,18,5,0,15,17,0,756
226,169,0,0,0,0,19,21,37,25,20,10,11,3,28,71,41,100,27,16,170
227,628,0,0,0,0,9,7,23,16,14,8,10,2,32,53,0,38,32,17,629
230,393,0,0,0,0,23,41,92,63,40,20,5,3,68,210,3,173,53,58,394
231,411,0,0,0,0,10,11,8,23,11,12,3,1,30,46,1,19,31,28,412
232,562,0,0,0,0,55,82,104,42,40,53,29,4,119,278,4,178,69,158,563
233,398,0,0,0,0,3,5,3,8,3,0,1,1,5,17,0,10,8,5,399
240,632,0,0,0,0,79,78,64,56,79,60,35,227,189,35,0,72,0,379,633
248,49,0,0,0,0,39,23,17,10,12,14,11,53,46,27,0,30,0,96,50
250,514,0,0,0,0,2,8,1,3,1,2,0,1,11,5,0,8,4,5,515
263,897,0,0,0,0,11,3,3,10,13,25,8,18,29,12,14,16,34,23,898
276,891,0,0,0,0,0,25,6,24,26,12,6,88,9,2,0,2,97,0,892
283,824,0,0,0,0,21,29,16,19,9,10,9,11,51,51,0,31,36,46,825
287,350,0,0,0,0,32,26,13,17,33,27,19,43,102,18,4,4,110,53,351
293,6,0,0,0,0,1,9,24,32,22,12,11,5,43,61,2,10,101,0,7
295,479,0,0,0,0,5,3,7,7,18,5,2,1,38,4,4,8,26,13,480
297,718,0,0,0,0,2,6,6,9,7,3,3,3,19,14,0,9,16,11,719
300,212,0,0,0,0,38,20,28,12,4,1,7,75,33,2,0,3,106,1,213
308,192,0,0,0,0,6,0,4,7,1,6,5,3,6,20,0,18,9,2,193
314,71,0,0,0,0,7,11,15,2,14,3,1,2,38,13,0,28,25,0,72
324,780,0,0,0,0,11,6,7,10,18,13,9,7,50,17,0,28,11,35,781
348,580,0,0,0,0,16,11,16,19,13,13,14,4,27,20,51,50,33,19,581
364,556,0,0,0,0,38,25,18,25,17,11,12,45,66,33,2,31,88,27,557
385,418,0,0,0,0,39,43,28,32,27,37,36,11,69,122,40,141,57,44,419
413,307,0,0,0,0,2,2,7,12,5,4,6,21,7,10,0,7,31,0,308
436,569,0,0,0,0,1,7,2,1,0,11,10,20,5,7,0,1,23,8,570
438,145,0,0,0,0,0,0,2,1,0,2,1,3,1,2,0,2,4,0,146
442,548,0,0,0,0,4,4,4,3,3,7,5,2,8,17,3,1,15,14,549
444,117,0,0,0,0,1,1,1,2,2,2,2,3,5,0,3,6,4,1,118
451,604,0,0,0,0,29,8,13,25,6,4,9,1,37,56,0,10,64,20,605
454,401,0,0,0,0,3,9,4,7,1,6,6,2,11,5,18,22,13,1,402
456,849,0,0,0,0,11,14,21,8,13,7,7,9,46,24,2,50,12,19,850
485,956,0,0,0,0,45,3,1,8,6,13,14,1,18,71,0,16,68,6,957
501,156,0,0,0,0,1,3,7,3,14,2,3,1,21,11,0,8,10,15,157
514,517,0,0,0,0,8,7,3,3,8,5,2,5,21,10,0,19,16,1,518
530,326,0,0,0,0,0,1,1,4,1,2,2,1,5,5,0,7,4,0,327
536,529,0,0,0,0,0,0,1,0,1,0,1,1,1,1,0,2,1,0,530
542,1013,0,0,0,0,0,0,0,2,1,0,1,1,2,1,0,4,0,0,1014
545,129,0,0,0,0,2,1,5,0,2,3,3,1,8,7,0,4,12,0,130
550,524,0,0,0,0,9,8,2,19,3,4,3,1,2,5,40,2,46,0,525
555,335,0,0,0,0,24,62,66,38,33,25,8,3,148,104,1,75,122,59,336
556,896,0,0,0,0,1,3,2,10,9,7,13,4,35,6,0,24,8,13,897
557,467,0,0,0,0,20,25,21,20,8,16,22,22,40,69,1,55,47,30,468
558,498,0,0,0,0,2,2,2,2,0,1,9,4,6,7,1,9,9,0,499
563,352,0,0,0,0,0,2,14,8,1,3,6,25,9,0,0,0,34,0,353
564,486,0,0,0,0,27,38,26,36,21,33,28,32,88,87,2,101,41,67,487
565,471,0,0,0,0,18,62,34,27,21,13,12,44,110,32,1,63,51,73,472
567,665,0,0,0,0,10,13,6,6,4,3,14,13,16,25,2,28,16,12,666
569,761,0,0,0,0,38,51,35,34,48,36,39,13,114,148,6,57,80,144,762
571,62,0,0,0,0,5,9,5,9,6,5,8,10,14,23,0,8,26,13,63
572,675,0,0,0,0,40,30,25,7,12,10,31,32,58,65,0,71,76,8,676
576,873,0,0,0,0,13,5,3,2,1,1,2,3,19,5,0,16,11,0,874
579,463,0,0,0,0,38,26,32,36,22,36,39,7,119,103,0,80,82,67,464
587,35,0,0,0,0,6,29,4,3,1,5,10,4,4,50,0,15,40,3,36
589,702,0,0,0,0,10,22,11,12,22,7,18,42,51,9,0,22,74,6,703
593,308,0,0,0,0,0,0,0,6,1,4,15,10,16,0,0,26,0,0,309
602,792,0,0,0,0,32,43,26,25,34,61,27,13,142,84,9,204,16,28,793
611,848,0,0,0,0,10,0,3,7,3,2,11,14,13,9,0,10,20,6,849
627,377,0,0,0,0,37,75,54,35,49,40,36,8,67,250,1,67,73,186,378
659,151,0,0,0,0,24,38,22,22,26,20,18,15,61,83,11,38,61,71,152
660,158,0,0,0,0,6,3,1,1,5,4,0,1,14,5,0,6,11,3,159
662,82,0,0,0,0,10,4,1,13,0,2,0,1,5,24,0,11,19,0,83
668,700,0,0,0,0,1,0,0,0,6,1,0,1,6,1,0,0,8,0,701
669,958,0,0,0,0,85,99,73,51,60,57,34,3,155,299,2,103,184,172,959
671,122,0,0,0,0,125,107,131,154,83,121,165,17,402,459,8,295,228,363,123
676,103,0,0,0,0,12,34,45,31,28,26,15,23,126,42,0,63,108,20,104
682,435,0,0,0,0,17,11,15,43,15,4,5,4,71,35,0,45,55,10,436
702,582,0,0,0,0,8,16,10,15,4,9,12,1,25,27,21,15,57,2,583
708,14,0,0,0,0,6,3,7,12,7,10,6,8,19,22,2,12,27,12,15
711,789,0,0,0,0,19,13,11,30,42,42,23,58,39,70,13,82,92,6,790
713,446,0,0,0,0,7,2,3,12,1,5,6,5,23,8,0,3,32,1,447
716,101,0,0,0,0,13,8,6,12,6,12,12,1,21,47,0,30,9,30,102
717,637,0,0,0,0,1,0,0,0,1,0,1,2,0,1,0,2,0,1,638
723,731,0,0,0,0,1,3,1,4,2,4,3,2,6,10,0,9,8,1,732
726,149,0,0,0,0,5,1,0,3,1,3,2,1,2,12,0,9,4,2,150
727,217,0,0,0,0,1,0,0,0,0,0,0,1,0,0,0,0,1,0,218
742,220,0,0,0,0,13,26,17,32,12,21,18,100,26,13,0,13,125,1,221
754,205,0,0,0,0,3,4,19,5,9,3,4,6,29,12,0,39,5,3,206
770,785,0,0,0,0,42,45,34,4,13,4,4,1,60,85,0,33,60,53,786
790,452,0,0,0,0,0,2,0,0,0,0,0,2,0,0,0,2,0,0,453
791,585,0,0,0,0,0,12,3,9,2,2,2,18,6,2,4,25,4,1,586
799,150,0,0,0,0,9,6,15,16,8,11,8,4,23,36,10,26,39,8,151
812,818,0,0,0,0,2,1,0,1,1,3,1,1,2,6,0,6,2,1,819
820,99,0,0,0,0,4,9,1,2,1,1,0,1,7,9,1,11,2,5,100
824,571,0,0,0,0,1,2,3,0,0,2,4,10,1,1,0,1,11,0,572
827,506,0,0,0,0,0,6,1,1,4,0,7,1,16,2,0,6,1,12,507
830,412,0,0,0,0,23,21,7,20,11,19,13,3,41,70,0,36,59,19,413
843,83,0,0,0,0,59,20,30,17,48,56,23,160,59,31,3,14,211,28,84
858,102,0,0,0,0,3,4,13,6,13,5,4,9,28,6,5,15,21,12,103
869,197,0,0,0,0,23,40,61,42,40,31,22,9,99,146,5,61,107,91,198
871,245,0,0,0,0,1,2,8,8,3,3,3,3,2,12,11,20,7,1,246
878,623,0,0,0,0,51,72,22,55,79,49,28,2,82,260,12,95,160,101,624
890,32,0,0,0,0,3,2,0,4,1,1,3,2,8,3,1,10,3,1,33
900,568,0,0,0,0,20,17,39,10,6,10,6,13,16,79,0,30,50,28,569
906,587,0,0,0,0,11,12,7,9,13,4,14,6,36,27,1,40,28,2,588
910,722,0,0,0,0,7,8,1,1,3,0,1,3,10,8,0,10,8,3,723
927,857,0,0,0,0,1,3,4,4,3,3,2,2,10,6,2,9,3,8,858
930,424,0,0,0,0,6,2,13,18,8,7,5,7,35,17,0,37,18,4,425
932,641,0,0,0,0,3,1,4,1,4,2,3,5,10,3,0,11,2,5,642
933,963,0,0,0,0,0,1,7,3,10,2,0,2,17,4,0,7,16,0,964
939,124,0,0,0,0,143,248,159,91,106,92,67,8,388,503,7,279,322,305,125
951,195,0,0,0,0,5,11,28,20,27,13,5,18,60,20,11,19,36,54,196
952,93,0,0,0,0,12,15,15,18,8,23,10,1,56,44,0,39,41,21,94
955,655,0,0,0,0,27,30,38,13,22,15,10,13,106,34,2,41,100,14,656
958,908,0,0,0,0,13,6,11,21,6,10,18,1,50,29,5,18,59,8,909
966,332,0,0,0,0,36,27,30,15,18,15,13,3,55,73,23,39,60,55,333
967,542,0,0,0,0,11,7,20,6,13,25,16,64,14,20,0,16,71,11,543
971,81,0,0,0,0,58,94,22,92,188,81,5,185,333,21,1,5,5,530,82
982,164,0,0,0,0,20,46,54,30,54,32,32,23,121,119,5,44,111,113,165
990,48,0,0,0,0,1,3,2,8,0,0,0,3,10,1,0,8,5,1,49
992,133,0,0,0,0,3,4,6,11,4,4,3,4,22,8,1,24,7,4,134
995,366,0,0,0,0,3,7,3,5,3,0,2,4,10,9,0,8,5,10,367
1013,489,0,0,0,0,60,84,60,50,30,25,30,21,111,154,53,80,206,53,490
1022,748,0,0,0,0,4,4,4,6,7,5,0,2,15,13,0,14,15,1,749
1025,532,0,0,0,0,29,40,47,32,21,25,20,5,53,150,6,125,85,4,533
1033,846,0,0,0,0,3,0,3,1,2,0,0,1,4,4,0,2,7,0,847
1059,396,0,0,0,0,2,3,1,4,4,3,3,2,14,4,0,1,17,2,397
1061,218,0,0,0,0,2,6,7,5,4,2,4,2,12,16,0,9,5,16,219
1063,915,0,0,0,0,1,1,1,3,1,0,1,1,5,2,0,4,3,1,916
1065,750,0,0,0,0,4,1,13,4,8,6,3,1,23,15,0,21,8,10,751
1068,234,0,0,0,0,9,4,25,36,4,6,0,18,42,23,1,4,19,61,235
1088,469,0,0,0,0,15,23,34,19,25,26,37,14,85,80,0,64,46,69,470
1103,796,0,0,0,0,42,22,16,33,20,31,27,14,81,88,8,60,99,32,797
1115,470,0,0,0,0,33,17,58,27,26,34,36,15,93,114,9,96,60,75,471
1130,786,0,0,0,0,1,2,0,6,1,2,3,4,7,4,0,14,0,1,787
1133,448,0,0,0,0,7,0,2,4,8,1,2,1,3,20,0,20,2,2,449
1139,682,0,0,0,0,0,0,0,1,0,0,0,1,0,0,0,0,0,1,683
1145,592,0,0,0,0,4,3,1,9,5,4,5,3,14,14,0,14,6,11,593
1146,231,0,0,0,0,1,8,10,7,4,0,4,5,16,13,0,7,24,3,232
1164,754,0,0,0,0,11,22,19,15,19,20,29,4,91,40,0,106,16,13,755
1184,508,0,0,0,0,2,2,1,2,0,0,1,1,3,4,0,4,0,4,509
1186,898,0,0,0,0,13,14,9,6,13,11,7,6,17,46,4,16,24,33,899
1189,798,0,0,0,0,10,10,11,14,11,16,21,2,49,38,4,37,30,26,799
1199,248,0,0,0,0,3,1,0,1,1,1,1,2,4,2,0,3,4,1,249
1201,288,0,0,0,0,14,12,9,12,4,1,4,2,38,16,0,41,7,8,289
1206,760,0,0,0,0,19,20,26,19,15,20,2,7,81,31,2,40,44,37,761
1207,179,0,0,0,0,25,16,9,18,11,10,7,5,64,26,1,32,45,19,180
1209,374,0,0,0,0,6,2,10,9,12,6,7,2,38,11,1,6,23,23,375
1212,473,0,0,0,0,18,29,10,39,28,10,17,8,53,86,4,68,28,55,474
1223,967,0,0,0,0,1,4,2,4,1,1,0,1,5,7,0,5,3,5,968
1225,920,0,0,0,0,14,15,16,1,19,2,6,1,68,4,0,70,3,0,921
1235,565,0,0,0,0,3,2,1,2,2,1,0,3,5,2,1,6,5,0,566
1236,545,0,0,0,0,0,8,2,2,3,3,3,1,16,4,0,5,8,8,546
1237,500,0,0,0,0,0,0,0,1,0,1,0,1,1,0,0,0,2,0,501
1238,184,0,0,0,0,1,5,0,3,2,6,1,1,6,11,0,7,9,2,185
1254,20,0,0,0,0,9,5,15,6,3,0,4,13,18,10,1,4,30,8,21
1256,246,0,0,0,0,14,16,10,8,13,14,10,4,19,56,6,12,54,19,247
1265,119,0,0,0,0,0,1,1,4,2,10,1,8,8,3,0,19,0,0,120
1294,125,0,0,0,0,11,12,2,9,5,2,6,2,10,34,1,32,8,7,126
1297,29,0,0,0,0,6,3,1,7,10,7,3,1,17,17,2,12,5,20,30
1311,426,0,0,0,0,4,7,7,3,5,2,7,4,14,17,0,7,27,1,427
1313,586,0,0,0,0,5,8,4,8,6,5,4,1,1,37,1,5,34,1,587
1318,251,0,0,0,0,14,8,14,9,7,14,5,2,42,27,0,16,49,6,252
1325,501,0,0,0,0,18,8,10,17,9,4,27,12,46,35,0,30,30,33,502
1342,147,0,0,0,0,0,1,4,3,5,3,6,1,12,8,1,16,6,0,148
1348,601,0,0,0,0,5,2,5,12,6,11,13,1,28,24,1,21,25,8,602
1355,841,0,0,0,0,2,0,4,0,6,5,2,1,5,13,0,3,13,3,842
1369,465,0,0,0,0,2,3,1,4,3,9,4,7,6,13,0,14,9,3,466
1376,395,0,0,0,0,14,17,13,15,21,28,17,9,25,91,0,92,27,6,396
1379,12,0,0,0,0,23,19,20,37,34,49,22,5,77,120,2,78,68,58,13
1387,910,0,0,0,0,65,25,72,33,64,67,80,1,83,312,10,115,258,33,911
1394,705,0,0,0,0,1,7,3,2,2,7,3,15,8,0,2,3,22,0,706
1402,706,0,0,0,0,2,12,5,7,8,11,10,29,18,6,2,8,47,0,707
1447,766,0,0,0,0,6,18,26,4,8,2,2,3,37,23,3,13,33,20,767
1466,301,0,0,0,0,8,2,5,4,8,4,3,2,19,13,0,20,12,2,302
1501,173,0,0,0,0,0,14,6,8,44,9,38,4,6,107,2,37,80,2,174
1502,736,0,0,0,0,10,4,5,3,8,3,1,1,17,16,0,11,9,14,737
1517,95,0,0,0,0,68,35,106,59,50,42,43,2,153,217,31,151,105,147,96
1520,885,0,0,0,0,4,4,5,8,8,3,2,4,15,15,0,4,4,26,886
1522,66,0,0,0,0,0,2,9,1,4,0,6,2,6,14,0,4,18,0,67
1525,271,0,0,0,0,2,14,14,7,1,17,10,1,29,19,16,35,15,15,272
1526,73,0,0,0,0,18,11,5,16,18,7,6,2,44,35,0,16,55,10,74
1535,183,0,0,0,0,16,25,6,8,16,21,64,1,121,34,0,18,132,6,184
1539,825,0,0,0,0,3,4,10,0,2,0,6,2,7,16,0,12,10,3,826
1548,43,0,0,0,0,0,1,2,0,1,0,0,1,1,2,0,2,2,0,44
1554,560,0,0,0,0,0,1,0,0,3,0,1,1,2,2,0,4,1,0,561
1575,595,0,0,0,0,5,4,3,11,2,8,4,9,19,9,0,17,4,16,596
1602,658,0,0,0,0,15,9,6,14,11,9,20,1,43,36,4,29,24,31,659
1619,635,0,0,0,0,4,3,7,2,14,14,12,4,20,31,1,12,36,8,636
1620,292,0,0,0,0,5,15,9,1,7,1,1,5,7,26,1,5,31,3,293
1726,11,0,0,0,0,5,10,12,2,2,20,4,19,24,11,1,29,20,6,12
1734,626,0,0,0,0,20,7,17,18,16,13,24,11,64,38,2,40,31,44,627
1735,1004,0,0,0,0,8,8,7,2,4,5,3,2,24,11,0,7,29,1,1005
1741,969,0,0,0,0,9,3,2,2,6,15,12,4,24,21,0,11,15,23,970
1749,286,0,0,0,0,14,13,23,25,28,10,9,11,50,61,0,71,17,34,287
1772,28,0,0,0,0,27,30,3,6,2,7,18,1,76,16,0,5,6,82,29
1773,901,0,0,0,0,1,1,0,3,3,2,1,1,6,3,1,5,3,3,902
1782,703,0,0,0,0,6,3,6,17,0,2,4,1,22,15,0,5,7,26,704
1785,612,0,0,0,0,1,0,0,0,1,1,0,1,0,2,0,1,2,0,613
1791,474,0,0,0,0,29,12,17,24,34,44,25,3,98,83,1,19,113,53,475
1796,838,0,0,0,0,1,2,4,5,14,4,2,1,12,19,0,4,23,5,839
1814,860,0,0,0,0,4,2,6,3,1,4,5,8,5,12,0,15,4,6,861
1826,80,0,0,0,0,10,14,18,30,34,36,9,2,19,129,1,131,12,8,81
1830,631,0,0,0,0,22,17,28,30,29,26,12,3,76,79,6,54,62,48,632
1858,481,0,0,0,0,1,5,5,2,0,1,0,1,4,7,2,13,0,1,482
1861,900,0,0,0,0,7,0,3,5,0,3,4,5,12,5,0,0,17,5,901
1870,865,0,0,0,0,0,4,1,0,0,4,2,1,2,8,0,5,6,0,866
1873,830,0,0,0,0,14,8,0,16,11,4,4,5,4,48,0,36,13,8,831
1881,337,0,0,0,0,33,22,12,60,33,40,47,10,201,34,2,46,171,30,338
1886,673,0,0,0,0,5,2,14,22,33,32,9,2,44,70,1,9,57,51,674
1891,544,0,0,0,0,16,14,16,10,15,17,16,1,43,57,3,20,42,42,545
1893,646,0,0,0,0,4,19,7,14,11,6,10,8,9,54,0,48,16,7,647
1908,203,0,0,0,0,0,2,15,1,0,21,0,4,18,17,0,18,17,4,204
1911,938,0,0,0,0,6,18,7,10,7,11,11,3,31,36,0,47,15,8,939
1924,729,0,0,0,0,2,1,1,0,4,2,1,1,7,1,2,6,4,1,730
1928,139,0,0,0,0,20,26,20,10,18,8,17,1,79,32,7,10,47,62,140
1946,199,0,0,0,0,49,45,34,31,19,49,61,14,103,155,16,86,107,95,200
1954,415,0,0,0,0,17,42,29,34,31,29,40,5,137,80,0,97,92,33,416
2032,664,0,0,0,0,16,12,16,12,7,26,12,1,16,53,31,26,27,48,665
2042,667,0,0,0,0,9,5,17,13,4,2,5,4,31,19,1,35,12,8,668
2089,284,0,0,0,0,7,11,8,13,12,2,11,7,33,22,2,31,14,19,285
2126,97,0,0,0,0,25,8,25,14,11,10,12,11,68,25,1,65,34,6,98
2162,594,0,0,0,0,4,11,18,7,4,3,10,4,25,28,0,36,12,9,595
2167,709,0,0,0,0,76,39,52,51,41,62,61,12,155,200,15,126,132,124,710
2187,1016,0,0,0,0,0,0,0,1,0,1,1,1,1,1,0,3,0,0,1017
2197,861,0,0,0,0,12,23,18,16,17,27,7,3,101,16,0,8,111,1,862
2205,155,0,0,0,0,2,2,1,5,1,0,3,2,4,8,0,8,6,0,156
2214,905,0,0,0,0,9,5,0,2,0,3,2,14,3,2,2,1,19,1,906
2260,564,0,0,0,0,3,10,3,5,5,0,1,4,16,6,1,18,9,0,565
2277,884,0,0,0,0,4,1,0,1,0,0,0,2,1,3,0,3,2,1,885
2290,572,0,0,0,0,3,9,5,16,11,6,0,1,41,8,0,48,2,0,573
2292,666,0,0,0,0,4,1,1,17,1,2,11,4,13,17,3,7,18,12,667
2307,343,0,0,0,0,14,48,57,52,38,34,20,1,130,115,17,66,175,22,344
2315,775,0,0,0,0,34,24,26,7,8,11,6,15,66,35,0,49,45,22,776
2322,382,0,0,0,0,8,8,6,5,3,1,7,3,14,16,5,5,22,11,383
2343,994,0,0,0,0,4,0,0,0,32,20,0,1,52,3,0,52,4,0,995
2347,730,0,0,0,0,12,4,0,3,0,2,6,8,7,12,0,14,11,2,731
2367,638,0,0,0,0,3,14,10,8,4,7,0,1,3,42,0,3,40,3,639
2370,126,0,0,0,0,3,0,0,3,2,0,2,1,2,7,0,6,4,0,127
2371,699,0,0,0,0,6,6,6,3,1,1,0,1,6,16,0,3,4,16,700
2382,561,0,0,0,0,46,51,49,12,18,18,9,1,115,87,0,45,101,57,562
2390,714,0,0,0,0,16,23,11,13,15,7,10,7,64,24,0,33,58,4,715
2391,111,0,0,0,0,23,15,6,23,21,28,8,8,78,37,1,75,38,11,112
2394,2,0,0,0,0,2,0,1,2,0,0,6,1,0,10,0,11,0,0,3
2402,342,0,0,0,0,5,5,8,12,5,3,8,2,25,15,4,13,26,7,343
2407,634,0,0,0,0,9,18,30,16,9,6,5,25,30,17,21,3,86,4,635
2409,558,0,0,0,0,1,0,19,30,0,2,2,20,32,2,0,1,51,2,559
2413,132,0,0,0,0,4,4,20,8,10,8,9,4,31,27,1,31,16,16,133
2414,315,0,0,0,0,14,8,12,4,2,20,3,1,20,42,0,59,2,2,316
2433,654,0,0,0,0,6,0,3,0,1,3,2,1,3,10,1,5,3,7,655
2445,656,0,0,0,0,2,1,0,0,3,1,3,1,1,8,0,4,6,0,657
2454,299,0,0,0,0,5,1,0,0,4,1,3,3,5,6,0,4,7,3,300
2463,379,0,0,0,0,8,3,7,3,8,1,1,3,13,15,0,20,8,3,380
2486,756,0,0,0,0,12,13,4,3,11,7,4,3,27,24,0,27,22,5,757
2495,743,0,0,0,0,331,456,431,214,270,190,152,8,1021,999,16,718,757,569,744
2506,219,0,0,0,0,2,4,0,6,3,2,0,3,7,7,0,15,0,2,220
2512,353,0,0,0,0,14,15,10,19,10,32,8,2,13,78,15,54,33,21,354
2516,790,0,0,0,0,5,5,4,21,15,6,0,2,14,39,1,35,19,2,791
2548,509,0,0,0,0,9,41,37,44,34,20,24,20,110,76,3,109,51,49,510
2560,287,0,0,0,0,71,80,82,54,75,49,69,7,290,171,12,180,201,99,288
2637,492,0,0,0,0,7,9,9,1,3,5,2,2,13,19,2,17,8,11,493
2638,363,0,0,0,0,0,1,3,1,4,2,2,1,9,3,0,7,5,1,364
2639,437,0,0,0,0,12,12,18,18,16,3,7,1,50,33,2,61,14,11,438
2641,639,0,0,0,0,0,4,3,0,2,0,1,3,5,2,0,4,4,2,640
2694,923,0,0,0,0,0,3,0,1,0,2,0,3,1,2,0,3,0,3,924
2698,892,0,0,0,0,4,1,4,0,1,1,1,1,8,3,0,8,4,0,893
2716,260,0,0,0,0,0,3,0,0,0,0,0,3,0,0,0,3,0,0,261
2723,441,0,0,0,0,15,21,17,6,19,3,10,2,75,14,0,40,44,7,442
2726,459,0,0,0,0,9,2,3,1,3,3,0,2,5,14,0,12,8,1,460
2733,295,0,0,0,0,14,8,7,1,6,2,8,4,17,25,0,10,35,1,296
2753,3,0,0,0,0,11,12,3,4,4,1,4,4,15,19,1,9,13,17,4
2766,853,0,0,0,0,9,9,4,2,4,5,1,7,17,10,0,12,17,5,854
2773,725,0,0,0,0,0,11,0,0,0,1,0,11,1,0,0,1,11,0,726
2777,263,0,0,0,0,1,6,0,21,1,3,2,1,17,16,0,22,1,11,264
2781,523,0,0,0,0,13,26,35,41,41,15,30,8,74,119,0,104,47,50,524
2783,691,0,0,0,0,2,7,4,0,3,3,1,2,10,8,0,15,3,2,692
2789,987,0,0,0,0,1,6,2,0,0,6,3,3,1,14,0,5,12,1,988
2797,272,0,0,0,0,1,15,20,14,2,12,0,2,50,11,1,15,12,37,273
2841,227,0,0,0,0,0,1,2,2,0,1,1,1,4,2,0,6,0,1,228
2850,273,0,0,0,0,6,20,11,8,4,8,4,16,15,29,1,11,18,32,274
2871,819,0,0,0,0,21,18,12,18,7,9,10,1,52,33,9,34,39,22,820
2904,338,0,0,0,0,14,25,17,17,18,14,10,3,48,64,0,31,15,69,339
2905,893,0,0,0,0,3,11,11,7,2,4,8,2,24,18,2,30,7,9,894
2939,385,0,0,0,0,11,12,6,2,2,6,2,4,17,20,0,5,34,2,386
2942,430,0,0,0,0,56,64,56,53,55,46,84,12,162,239,1,205,100,109,431
2965,797,0,0,0,0,3,2,2,3,9,26,3,1,35,10,2,4,42,2,798
2973,757,0,0,0,0,7,3,0,0,7,3,10,2,17,11,0,21,8,1,758
2977,460,0,0,0,0,0,3,0,6,1,1,0,3,1,7,0,10,0,1,461
3003,177,0,0,0,0,8,5,12,11,6,17,4,4,30,29,0,37,24,2,178
3007,978,0,0,0,0,18,7,0,3,2,18,13,2,40,11,8,38,12,11,979
3025,827,0,0,0,0,0,4,0,0,0,0,0,2,2,0,0,2,2,0,828
3074,647,0,0,0,0,9,3,11,6,8,3,2,11,25,6,0,10,32,0,648
3105,255,0,0,0,0,7,6,10,4,4,11,5,2,23,22,0,30,9,8,256
3137,649,0,0,0,0,6,5,12,5,8,7,9,12,40,0,0,0,52,0,650
3147,114,0,0,0,0,5,8,12,21,4,4,8,8,29,10,15,11,50,1,115
3197,690,0,0,0,0,12,3,7,8,4,9,5,1,15,29,3,13,22,13,691
3213,182,0,0,0,0,3,1,4,5,4,1,3,1,10,9,1,12,4,5,183
3231,408,0,0,0,0,16,12,4,16,16,7,12,1,12,69,1,77,1,5,409
3239,574,0,0,0,0,0,1,4,2,1,0,2,3,3,4,0,10,0,0,575
3244,559,0,0,0,0,13,43,13,6,11,6,11,3,38,59,3,29,15,59,560
3245,540,0,0,0,0,0,0,6,7,10,10,6,3,35,1,0,37,0,2,541
3248,539,0,0,0,0,1,0,3,0,0,2,3,3,6,0,0,6,1,2,540
3266,687,0,0,0,0,11,31,30,28,26,4,5,3,114,14,4,117,17,1,688
3279,685,0,0,0,0,0,0,1,0,2,0,0,1,2,0,0,1,1,1,686
3293,681,0,0,0,0,18,51,26,14,13,15,12,1,64,83,1,37,19,93,682
3304,52,0,0,0,0,1,0,1,3,0,0,0,1,3,1,0,5,0,0,53
3318,684,0,0,0,0,5,2,3,2,7,0,3,1,7,14,0,18,0,4,685
3325,588,0,0,0,0,3,0,3,0,0,0,1,1,5,1,0,6,0,1,589
3330,767,0,0,0,0,34,46,36,37,44,11,16,1,54,169,0,64,15,145,768
3331,747,0,0,0,0,2,3,5,2,7,2,3,1,6,17,0,11,9,4,748
3339,769,0,0,0,0,1,1,1,2,3,1,3,1,11,0,0,1,9,2,770
3364,161,0,0,0,0,3,1,1,1,2,0,1,1,4,4,0,6,2,1,162
3373,964,0,0,0,0,1,2,14,0,1,0,4,3,12,7,0,5,13,4,965
3374,468,0,0,0,0,7,0,12,6,8,4,1,1,19,18,0,20,8,10,469
3375,602,0,0,0,0,5,16,3,5,11,2,10,1,10,40,1,6,35,11,603
3376,740,0,0,0,0,0,1,12,2,5,2,1,9,12,2,0,16,0,7,741
3382,403,0,0,0,0,3,2,2,6,2,2,3,1,3,13,3,5,11,4,404
3386,297,0,0,0,0,3,7,7,0,3,0,5,2,14,9,0,2,21,2,298
3404,992,0,0,0,0,2,0,9,4,0,2,0,1,4,12,0,4,7,6,993
3409,41,0,0,0,0,1,5,16,1,3,17,11,1,25,28,0,7,40,7,42
3419,105,0,0,0,0,9,2,9,1,6,10,0,1,20,16,0,19,8,10,106
3420,921,0,0,0,0,7,6,5,9,7,9,2,1,19,25,0,8,6,31,922
3451,783,0,0,0,0,6,8,5,19,11,9,8,2,33,31,0,32,11,23,784
3463,791,0,0,0,0,7,1,3,2,7,5,1,1,14,11,0,9,4,13,792
3465,553,0,0,0,0,0,0,1,0,0,1,3,1,3,1,0,4,1,0,554
3485,438,0,0,0,0,2,7,2,3,6,3,5,1,12,13,2,12,7,9,439
3494,26,0,0,0,0,0,0,5,0,1,5,3,2,7,5,0,14,0,0,27
3497,555,0,0,0,0,9,3,7,3,11,9,7,1,22,26,0,18,8,23,556
3500,611,0,0,0,0,14,26,31,27,37,51,57,3,114,124,2,47,120,76,612
3501,772,0,0,0,0,2,11,5,2,20,1,8,2,22,25,0,27,14,8,773
3515,799,0,0,0,0,15,7,3,0,3,3,3,2,14,17,1,13,17,4,800
3541,977,0,0,0,0,9,5,5,0,3,0,3,5,19,1,0,6,19,0,978
3550,51,0,0,0,0,6,7,9,15,17,20,10,2,42,39,1,47,28,9,52
3561,942,0,0,0,0,0,9,4,10,3,5,1,1,28,3,0,19,3,10,943
3567,400,0,0,0,0,11,4,13,1,0,6,1,4,0,31,1,31,5,0,401
3641,9,0,0,0,0,1,1,3,6,0,4,1,1,14,1,0,16,0,0,10
3646,121,0,0,0,0,6,9,22,9,1,3,4,4,10,40,0,16,9,29,122
3685,831,0,0,0,0,132,103,84,123,79,116,88,1,243,475,6,160,451,114,832
3698,293,0,0,0,0,4,0,0,6,3,6,7,0,7,6,13,17,3,6,294
3810,847,0,0,0,0,2,0,0,2,0,1,0,0,5,0,0,5,0,0,848
3816,267,0,0,0,0,1,10,0,1,1,0,2,0,10,5,0,3,12,0,268
3818,159,0,0,0,0,2,4,3,1,2,3,1,0,10,6,0,12,2,2,160
3825,660,0,0,0,0,7,9,8,8,9,8,7,0,19,37,0,25,26,5,661
3826,362,0,0,0,0,0,3,1,4,2,3,4,0,6,11,0,4,10,3,363
3827,201,0,0,0,0,1,5,3,2,4,4,1,0,12,8,0,19,1,0,202
3831,787,0,0,0,0,0,3,0,10,6,2,0,0,14,5,2,14,6,1,788
3834,852,0,0,0,0,0,3,10,2,1,2,2,0,11,8,1,14,5,1,853
3838,456,0,0,0,0,2,2,2,1,1,3,4,0,9,4,2,9,6,0,457
3839,570,0,0,0,0,2,0,2,5,0,3,3,0,5,10,0,6,5,4,571
3855,134,0,0,0,0,0,4,3,5,3,3,3,0,9,12,0,11,9,1,135
3858,104,0,0,0,0,2,3,9,5,17,5,14,0,8,47,0,6,45,4,105
3894,34,0,0,0,0,1,4,3,8,0,3,0,0,12,6,1,2,10,7,35
3903,606,0,0,0,0,3,5,4,1,2,8,2,0,6,19,0,5,18,2,607
3907,37,0,0,0,0,0,1,0,3,0,0,1,0,5,0,0,5,0,0,38
3911,112,0,0,0,0,0,0,0,2,1,1,0,0,2,2,0,4,0,0,113
3960,711,0,0,0,0,3,3,0,3,1,5,2,0,6,11,0,15,2,0,712
3965,493,0,0,0,0,10,5,16,17,9,12,6,0,19,49,7,30,29,16,494
3982,185,0,0,0,0,0,1,0,2,0,0,0,0,3,0,0,2,1,0,186
3984,36,0,0,0,0,0,2,0,8,0,4,1,0,14,1,0,14,1,0,37
3992,128,0,0,0,0,2,3,0,2,4,3,0,0,14,0,0,13,1,0,129
4015,997,0,0,0,0,0,0,0,1,1,0,0,0,2,0,0,2,0,0,998
4016,984,0,0,0,0,4,4,4,3,4,11,5,0,10,25,0,6,4,25,985
4021,968,0,0,0,0,0,0,0,1,0,0,0,0,1,0,0,1,0,0,969
4023,599,0,0,0,0,2,6,1,3,0,0,0,0,7,4,1,7,4,1,600
4030,503,0,0,0,0,6,1,1,5,0,0,3,0,6,10,0,11,0,5,504
4061,979,0,0,0,0,0,0,0,2,0,0,0,0,2,0,0,2,0,0,980
4069,627,0,0,0,0,0,4,1,1,2,1,0,0,7,2,0,5,4,0,628
4073,533,0,0,0,0,4,2,6,3,1,0,0,0,7,9,0,9,6,1,534
4074,325,0,0,0,0,2,1,8,4,0,4,5,0,10,14,0,12,6,6,326
4087,864,0,0,0,0,0,3,0,1,0,3,2,0,1,8,0,9,0,0,865
4090,472,0,0,0,0,1,0,0,1,0,0,0,0,1,1,0,1,0,1,473
4096,421,0,0,0,0,3,1,0,3,5,3,0,0,15,0,0,2,13,0,422
4099,266,0,0,0,0,15,13,30,21,15,2,6,0,49,53,0,44,11,47,267
4100,143,0,0,0,0,5,3,7,7,6,9,5,0,16,26,0,17,11,14,144
4104,294,0,0,0,0,2,3,2,4,5,1,2,0,10,6,3,13,5,1,295
4109,535,0,0,0,0,4,21,14,14,13,11,5,0,18,59,5,29,42,11,536
4111,866,0,0,0,0,0,0,0,2,0,0,0,0,1,0,1,2,0,0,867
4126,348,0,0,0,0,0,3,0,1,0,0,0,0,4,0,0,1,3,0,349
4148,262,0,0,0,0,32,37,4,24,34,31,12,0,73,94,7,73,11,90,263
4157,906,0,0,0,0,1,3,0,1,1,4,1,0,3,8,0,4,3,4,907
4163,24,0,0,0,0,1,0,0,3,2,2,2,0,2,8,0,4,2,4,25
4194,387,0,0,0,0,2,10,10,7,3,8,6,0,39,0,7,0,46,0,388
4248,419,0,0,0,0,2,3,8,18,10,10,0,0,50,1,0,35,15,1,420
4257,464,0,0,0,0,18,41,25,21,15,16,28,0,119,45,0,102,12,50,465
4277,762,0,0,0,0,9,4,9,3,6,4,8,0,10,28,5,1,25,17,763
4279,1,0,0,0,0,7,76,33,27,24,10,6,0,76,107,0,64,35,84,2
4306,84,0,0,0,0,16,12,10,16,13,25,40,0,72,59,1,24,66,42,85
4314,65,0,0,0,0,9,66,17,28,12,8,9,0,78,71,0,49,34,66,66
4358,882,0,0,0,0,1,4,1,2,25,0,0,0,28,5,0,1,26,6,883
4371,724,0,0,0,0,14,21,31,10,4,10,15,0,60,43,2,72,32,1,725
4397,232,0,0,0,0,0,0,0,1,0,0,0,0,1,0,0,0,1,0,233
4404,661,0,0,0,0,17,22,28,27,21,18,20,0,99,51,3,60,15,78,662
4425,116,0,0,0,0,6,11,10,3,26,23,18,0,43,54,0,14,37,46,117
4438,643,0,0,0,0,0,0,0,1,0,0,0,0,1,0,0,1,0,0,644
4439,309,0,0,0,0,12,14,5,6,8,9,11,0,29,34,2,24,15,26,310
4459,461,0,0,0,0,0,3,2,3,0,0,0,0,5,3,0,4,3,1,462
4463,749,0,0,0,0,1,5,4,4,7,2,4,0,17,10,0,11,7,9,750
4474,429,0,0,0,0,0,1,0,2,0,1,0,0,3,1,0,1,3,0,430
4533,204,0,0,0,0,11,5,15,14,18,14,7,0,17,60,7,17,24,43,205
4542,365,0,0,0,0,1,3,0,0,4,0,0,0,2,3,3,2,5,1,366
4549,765,0,0,0,0,37,29,46,34,42,32,26,0,34,212,0,202,6,38,766
4556,669,0,0,0,0,0,0,2,0,1,0,4,0,6,1,0,3,4,0,670
4568,455,0,0,0,0,19,13,10,9,14,7,1,0,39,34,0,23,28,22,456
4574,367,0,0,0,0,4,16,13,16,18,12,10,0,34,55,0,18,21,50,368
4582,520,0,0,0,0,21,29,40,38,30,18,4,0,73,101,6,36,100,44,521
4585,56,0,0,0,0,1,0,2,1,2,7,0,0,13,0,0,1,12,0,57
4586,530,0,0,0,0,1,1,1,0,2,0,1,0,5,1,0,0,6,0,531
4600,850,0,0,0,0,7,5,8,12,5,11,2,0,44,6,0,2,38,10,851
4607,254,0,0,0,0,3,3,1,3,10,4,1,0,15,10,0,15,7,3,255
4638,712,0,0,0,0,22,3,12,24,12,19,7,0,41,58,0,37,11,51,713
4650,174,0,0,0,0,0,1,2,0,4,0,1,0,4,4,0,3,2,3,175
4656,497,0,0,0,0,2,1,6,4,10,0,3,0,14,11,1,10,14,2,498
4657,957,0,0,0,0,0,0,0,0,3,1,0,0,2,2,0,2,2,0,958
4705,713,0,0,0,0,0,0,2,1,2,2,0,0,6,1,0,4,3,0,714
4773,138,0,0,0,0,6,1,1,9,2,4,9,0,26,5,1,10,7,15,139
4781,764,0,0,0,0,3,3,2,7,8,6,7,0,17,14,5,14,16,6,765
4782,577,0,0,0,0,15,4,1,0,22,7,1,0,35,15,0,2,47,1,578
4792,311,0,0,0,0,8,11,11,10,33,22,42,0,136,1,0,137,0,0,312
4826,250,0,0,0,0,10,8,7,8,15,18,6,0,44,28,0,50,14,8,251
4854,381,0,0,0,0,4,12,5,1,2,0,10,0,16,18,0,5,22,7,382
4863,344,0,0,0,0,0,2,2,4,4,4,3,0,11,8,0,17,0,2,345
4865,399,0,0,0,0,8,7,5,5,11,14,13,0,27,36,0,27,23,13,400
4866,788,0,0,0,0,0,1,1,24,2,0,0,0,4,24,0,26,2,0,789
4870,391,0,0,0,0,2,1,0,0,3,0,1,0,7,0,0,6,1,0,392
4875,842,0,0,0,0,3,0,0,0,9,2,0,0,14,0,0,3,11,0,843
4889,336,0,0,0,0,0,1,0,0,1,4,1,0,2,5,0,5,2,0,337
4952,1005,0,0,0,0,3,2,7,1,4,13,1,0,19,12,0,16,7,8,1006
4977,511,0,0,0,0,0,3,2,3,3,1,1,0,8,5,0,4,7,2,512
4997,549,0,0,0,0,1,0,1,2,3,0,0,0,7,0,0,5,0,2,550
4999,118,0,0,0,0,2,1,1,10,2,1,8,0,24,1,0,17,5,3,119
5009,496,0,0,0,0,1,1,0,1,2,2,0,0,6,1,0,5,2,0,497
5037,453,0,0,0,0,5,21,14,11,8,16,1,0,22,53,1,22,12,42,454
5038,686,0,0,0,0,2,4,4,5,4,4,0,0,11,9,3,5,9,9,687
5044,223,0,0,0,0,5,9,3,5,4,3,4,0,17,16,0,31,1,1,224
5049,322,0,0,0,0,4,5,2,2,5,3,9,0,15,15,0,15,5,10,323
5054,190,0,0,0,0,0,4,0,2,2,0,1,0,7,2,0,5,2,2,191
5061,346,0,0,0,0,0,0,0,0,5,0,1,0,5,1,0,1,5,0,347
5168,922,0,0,0,0,7,4,4,3,6,3,2,0,22,7,0,12,1,16,923
5182,240,0,0,0,0,7,12,14,4,9,2,4,0,21,21,10,19,28,5,241
5188,462,0,0,0,0,4,4,2,22,4,4,10,0,30,20,0,25,10,15,463
5206,180,0,0,0,0,4,8,36,1,7,11,2,0,62,7,0,29,40,0,181
5231,495,0,0,0,0,43,30,54,68,70,45,56,0,272,92,2,102,40,224,496
5271,966,0,0,0,0,0,0,0,0,0,2,0,0,2,0,0,0,2,0,967
5408,912,0,0,0,0,0,0,0,3,2,5,2,0,1,10,1,0,12,0,913
5411,394,0,0,0,0,9,5,12,3,5,6,0,0,25,15,0,8,20,12,395
5414,321,0,0,0,0,4,1,4,4,5,4,5,0,19,8,0,8,11,8,322
5480,909,0,0,0,0,2,4,4,2,1,3,1,0,6,9,2,9,3,5,910
5502,505,0,0,0,0,3,6,2,2,3,4,0,0,6,9,5,5,12,3,506
5535,826,0,0,0,0,3,2,5,3,1,4,0,0,8,10,0,2,2,14,827
5557,946,0,0,0,0,12,7,1,0,4,3,10,0,9,28,0,16,21,0,947
5581,950,0,0,0,0,3,4,8,5,2,4,2,0,14,12,2,11,5,12,951
5604,510,0,0,0,0,8,11,20,0,1,6,21,0,3,48,16,6,61,0,511
5620,410,0,0,0,0,1,1,3,2,1,1,0,0,4,5,0,2,4,3,411
5645,554,0,0,0,0,0,3,0,5,0,2,0,0,5,5,0,8,2,0,555
5655,316,0,0,0,0,1,0,0,1,0,1,2,0,3,2,0,3,1,1,317
5676,154,0,0,0,0,0,1,12,0,2,2,0,0,5,1,11,5,12,0,155
5692,614,0,0,0,0,1,1,0,1,0,1,0,0,3,0,1,2,2,0,615
5703,136,0,0,0,0,20,17,21,26,19,10,8,0,12,28,81,16,103,2,137
5711,499,0,0,0,0,0,1,0,0,0,3,0,0,4,0,0,4,0,0,500
5717,610,0,0,0,0,2,6,4,2,4,5,2,0,24,1,0,24,0,1,611
5724,8,0,0,0,0,0,0,0,0,0,1,1,0,2,0,0,2,0,0,9
5735,340,0,0,0,0,0,0,0,0,0,3,0,0,3,0,0,3,0,0,341
5762,895,0,0,0,0,7,11,0,1,1,3,4,0,12,15,0,5,11,11,896
5785,466,0,0,0,0,15,26,7,6,12,12,9,0,23,60,4,55,19,13,467
5810,662,0,0,0,0,18,18,18,10,19,4,9,0,69,23,4,68,12,16,663
5815,160,0,0,0,0,5,9,5,11,17,5,6,0,37,21,0,37,3,18,161
5819,200,0,0,0,0,0,2,8,1,3,10,0,0,19,5,0,22,1,1,201
5829,619,0,0,0,0,1,6,4,0,5,1,1,0,13,5,0,6,3,9,620
5830,193,0,0,0,0,3,11,18,4,2,3,0,0,36,5,0,2,32,7,194
5857,162,0,0,0,0,0,3,3,3,1,5,7,0,10,6,6,1,15,6,163
6010,383,0,0,0,0,0,3,3,2,17,15,9,0,43,6,0,15,1,33,384
6034,39,0,0,0,0,9,4,5,14,3,9,6,0,49,1,0,24,1,25,40
6036,388,0,0,0,0,1,1,1,0,3,2,1,0,2,7,0,4,3,2,389
6043,751,0,0,0,0,0,1,0,3,3,2,7,0,10,6,0,14,1,1,752
6071,697,0,0,0,0,6,5,1,13,10,5,2,0,34,8,0,19,0,23,698
6096,165,0,0,0,0,3,3,0,0,1,1,5,0,2,11,0,13,0,0,166
6098,341,0,0,0,0,19,45,27,13,14,9,18,0,74,71,0,47,29,69,342
6107,153,0,0,0,0,2,4,0,2,1,0,2,0,10,1,0,7,3,1,154
6112,708,0,0,0,0,4,2,4,1,0,0,3,0,12,2,0,13,0,1,709
6113,432,0,0,0,0,3,6,3,6,4,3,5,0,10,20,0,15,2,13,433
6139,735,0,0,0,0,3,2,10,0,5,7,9,0,23,13,0,15,21,0,736
6142,274,0,0,0,0,2,3,1,3,0,0,4,0,7,5,1,12,1,0,275
6190,525,0,0,0,0,7,13,9,4,4,3,11,0,37,14,0,22,21,8,526
6195,172,0,0,0,0,0,1,0,0,0,4,7,0,5,7,0,2,0,10,173
6197,413,0,0,0,0,17,19,26,33,11,19,13,0,49,67,22,19,90,29,414
6204,959,0,0,0,0,25,9,10,10,17,6,16,0,38,36,19,12,41,40,960
6207,277,0,0,0,0,0,2,2,0,1,0,1,0,6,0,0,6,0,0,278
6227,355,0,0,0,0,0,0,0,0,0,0,1,0,1,0,0,1,0,0,356
6274,779,0,0,0,0,0,0,0,0,0,0,1,0,1,0,0,0,1,0,780
6307,1001,0,0,0,0,7,9,5,12,15,3,6,0,57,0,0,0,57,0,1002
6328,547,0,0,0,0,1,24,2,2,0,1,12,0,37,5,0,3,30,9,548
6334,613,0,0,0,0,8,12,5,8,2,5,9,0,8,40,1,3,8,38,614
6347,319,0,0,0,0,0,0,1,0,0,0,1,0,2,0,0,1,0,1,320
6443,215,0,0,0,0,1,1,4,0,0,1,2,0,2,7,0,8,0,1,216
6446,68,0,0,0,0,21,5,5,5,5,6,20,0,37,27,3,33,28,6,69
6487,237,0,0,0,0,0,6,0,0,4,4,3,0,12,5,0,4,8,5,238
6517,176,0,0,0,0,0,0,0,1,2,1,4,0,6,2,0,3,5,0,177
6543,392,0,0,0,0,0,0,0,0,1,0,2,0,1,2,0,2,0,1,393
6547,333,0,0,0,0,0,0,1,0,0,0,1,0,1,1,0,0,1,1,334
6666,127,0,0,0,0,6,2,1,0,3,2,0,0,9,5,0,1,6,7,128
6716,221,0,0,0,0,3,0,0,7,4,0,5,0,9,10,0,16,3,0,222
6757,282,0,0,0,0,1,2,1,2,3,2,3,0,12,2,0,11,0,3,283
6768,21,0,0,0,0,1,1,0,0,0,0,0,0,1,1,0,1,0,1,22
6775,69,0,0,0,0,10,17,29,2,4,5,7,0,18,44,12,9,56,9,70
6776,27,0,0,0,0,4,6,1,2,0,0,0,0,7,6,0,7,0,6,28
6781,202,0,0,0,0,5,6,2,1,3,2,2,0,12,9,0,15,3,3,203
6799,590,0,0,0,0,2,0,0,0,0,0,0,0,2,0,0,2,0,0,591
6803,109,0,0,0,0,10,14,5,10,2,2,4,0,14,20,13,6,32,9,110
6814,741,0,0,0,0,1,0,0,0,0,0,0,0,1,0,0,1,0,0,742
6850,226,0,0,0,0,11,11,7,12,4,15,7,0,22,19,26,12,54,1,227
6908,70,0,0,0,0,2,0,1,0,0,3,3,0,6,3,0,9,0,0,71
6910,528,0,0,0,0,9,11,6,4,1,12,4,0,40,7,0,7,29,11,529
6935,902,0,0,0,0,3,0,1,3,1,0,3,0,6,2,3,7,0,4,903
6941,98,0,0,0,0,7,6,4,8,7,0,0,0,25,2,5,2,30,0,99
6951,840,0,0,0,0,1,2,1,5,1,0,1,0,5,5,1,6,1,4,841
6975,603,0,0,0,0,2,9,4,9,14,9,23,0,55,11,4,14,55,1,604
6987,222,0,0,0,0,2,7,5,4,0,0,2,0,12,8,0,5,10,5,223
6993,279,0,0,0,0,2,5,4,7,14,0,2,0,7,27,0,6,11,17,280
7045,229,0,0,0,0,2,1,3,2,0,3,0,0,5,6,0,8,3,0,230
7110,358,0,0,0,0,3,2,3,3,1,0,0,0,7,3,2,2,4,6,359
7123,440,0,0,0,0,9,12,17,10,4,8,3,0,54,5,4,5,52,6,441
7228,777,0,0,0,0,8,3,2,2,6,13,3,0,32,5,0,2,35,0,778
7230,683,0,0,0,0,5,12,6,7,13,3,6,0,17,35,0,33,14,5,684
7287,10,0,0,0,0,3,1,0,1,2,4,10,0,6,15,0,17,4,0,11
7459,476,0,0,0,0,2,4,4,0,2,1,3,0,13,3,0,4,12,0,477
7529,67,0,0,0,0,1,3,1,0,1,0,0,0,2,4,0,5,1,0,68
7565,302,0,0,0,0,1,1,2,0,0,0,0,0,2,2,0,4,0,0,303
7587,944,0,0,0,0,0,1,0,0,0,0,0,0,1,0,0,1,0,0,945
7588,131,0,0,0,0,6,10,7,10,5,2,6,0,23,22,1,26,4,16,132
7604,609,0,0,0,0,0,3,1,0,0,25,3,0,10,22,0,29,3,0,610
7609,521,0,0,0,0,9,2,4,3,4,4,2,0,8,18,2,11,3,14,522
7647,881,0,0,0,0,1,7,2,3,3,1,1,0,8,10,0,3,1,14,882
7689,5,0,0,0,0,7,8,2,3,5,1,6,0,11,20,1,22,10,0,6
7714,485,0,0,0,0,1,1,3,0,1,0,1,0,2,4,1,2,5,0,486
7739,225,0,0,0,0,8,2,2,1,0,0,0,0,4,9,0,8,5,0,226
7748,38,0,0,0,0,30,53,28,16,14,19,24,0,35,147,2,9,55,120,39
7857,328,0,0,0,0,8,20,38,28,23,16,29,0,42,115,5,61,74,27,329
7887,310,0,0,0,0,0,2,0,2,0,0,0,0,2,0,2,0,4,0,311
7919,971,0,0,0,0,0,2,1,1,1,2,3,0,7,3,0,9,0,1,972
7958,875,0,0,0,0,5,15,12,2,3,1,3,0,20,21,0,6,26,9,876
8110,144,0,0,0,0,1,1,0,2,2,1,1,0,3,5,0,4,0,4,145
8111,422,0,0,0,0,2,3,4,0,5,0,2,0,5,10,1,8,1,7,423
8153,210,0,0,0,0,0,3,1,0,4,1,5,0,5,9,0,5,6,3,211
8250,566,0,0,0,0,10,3,7,6,2,3,2,0,7,26,0,21,9,3,567
8275,364,0,0,0,0,30,16,13,22,8,10,6,0,12,53,40,9,45,51,365
8289,534,0,0,0,0,1,3,0,0,2,7,0,0,5,8,0,13,0,0,535
8317,477,0,0,0,0,0,1,2,0,1,3,0,0,4,3,0,1,4,2,478
8358,854,0,0,0,0,2,6,4,0,6,0,3,0,3,17,1,2,3,16,855
8447,672,0,0,0,0,1,8,7,4,17,5,3,0,8,37,0,12,3,30,673
8591,106,0,0,0,0,2,2,5,1,1,0,1,0,4,8,0,4,2,6,107
8604,85,0,0,0,0,1,1,2,6,4,0,0,0,14,0,0,14,0,0,86
8681,941,0,0,0,0,0,0,1,0,0,0,0,0,1,0,0,0,1,0,942
8684,88,0,0,0,0,2,1,5,1,0,1,2,0,1,1,10,1,11,0,89
8690,491,0,0,0,0,5,2,5,5,2,8,3,0,18,12,0,20,4,6,492
8795,339,0,0,0,0,0,1,1,2,0,0,0,0,2,2,0,3,1,0,340
9216,648,0,0,0,0,10,5,7,5,9,1,2,0,33,6,0,28,5,6,649
9319,633,0,0,0,0,15,2,7,5,10,8,0,0,14,31,2,14,1,32,634
9343,7,0,0,0,0,0,7,2,0,1,0,1,0,6,5,0,4,4,3,8
9351,290,0,0,0,0,0,0,1,0,0,0,1,0,2,0,0,2,0,0,291
9365,33,0,0,0,0,1,0,1,2,0,0,0,0,3,1,0,4,0,0,34
9591,596,0,0,0,0,1,3,2,3,1,2,1,0,9,4,0,9,3,1,597
9656,312,0,0,0,0,0,0,0,1,3,0,0,0,1,3,0,3,1,0,313
9740,1010,0,0,0,0,0,0,2,2,0,0,0,0,2,0,2,2,2,0,1011
9794,216,0,0,0,0,4,4,8,7,5,6,4,0,11,12,15,8,12,18,217
9810,688,0,0,0,0,1,4,1,19,3,3,0,0,2,29,0,8,22,1,689
9910,359,0,0,0,0,5,3,12,11,4,2,0,0,14,23,0,25,12,0,360
9932,370,0,0,0,0,8,1,1,1,0,0,0,0,1,9,1,1,0,10,371
9933,546,0,0,0,0,17,26,3,2,5,2,0,0,50,5,0,14,33,8,547
9963,833,0,0,0,0,12,23,9,15,6,5,26,0,78,18,0,1,95,0,834
10095,458,0,0,0,0,2,3,0,2,0,4,0,0,8,3,0,8,2,1,459
10098,306,0,0,0,0,0,0,0,1,0,0,0,0,1,0,0,1,0,0,307
10247,417,0,0,0,0,0,0,1,3,1,1,0,0,4,0,2,0,3,3,418
10397,943,0,0,0,0,2,8,12,4,2,2,2,0,6,26,0,2,25,5,944
10442,607,0,0,0,0,4,0,1,7,3,1,6,0,3,19,0,10,10,2,608
10493,782,0,0,0,0,3,10,10,12,14,6,4,0,1,58,0,9,49,1,783
10522,758,0,0,0,0,0,0,0,0,7,0,0,0,7,0,0,5,2,0,759
10544,657,0,0,0,0,1,0,4,0,2,0,0,0,2,5,0,2,5,0,658
10568,625,0,0,0,0,0,4,4,0,2,0,0,0,6,0,4,6,4,0,626
10699,829,0,0,0,0,3,3,8,5,11,5,14,0,8,41,0,6,35,8,830
10721,704,0,0,0,0,5,8,8,4,28,2,7,0,33,29,0,30,3,29,705
10745,405,0,0,0,0,0,4,0,11,7,1,1,0,6,11,7,9,13,2,406
10764,541,0,0,0,0,12,6,2,8,13,33,35,0,68,38,3,8,98,3,542
11011,187,0,0,0,0,1,0,1,0,4,9,4,0,18,1,0,16,3,0,188
11015,689,0,0,0,0,0,3,0,0,1,0,2,0,2,4,0,4,2,0,690
11073,416,0,0,0,0,0,1,0,7,2,5,4,0,15,4,0,6,1,12,417
11104,47,0,0,0,0,14,2,10,8,3,4,2,0,5,38,0,35,3,5,48
11118,869,0,0,0,0,1,0,0,0,4,0,0,0,3,2,0,0,3,2,870
11138,140,0,0,0,0,0,1,0,0,1,1,4,0,3,4,0,3,4,0,141
11156,261,0,0,0,0,0,1,0,0,3,0,0,0,4,0,0,1,2,1,262
11348,1012,0,0,0,0,0,0,2,5,4,1,5,0,1,6,10,2,13,2,1013
11366,356,0,0,0,0,1,0,0,0,4,1,0,0,1,5,0,0,6,0,357
11402,589,0,0,0,0,1,1,6,4,1,2,3,0,3,15,0,17,0,1,590
11464,746,0,0,0,0,2,0,0,0,2,1,1,0,5,1,0,4,2,0,747
11543,991,0,0,0,0,2,0,1,1,0,4,6,0,4,10,0,14,0,0,992
11577,244,0,0,0,0,1,0,1,11,0,1,0,0,14,0,0,12,2,0,245
11626,536,0,0,0,0,2,3,0,1,4,2,0,0,10,2,0,9,2,1,537
11736,795,0,0,0,0,7,3,4,8,7,23,4,0,9,41,6,26,17,13,796
11749,376,0,0,0,0,2,2,3,1,1,3,1,0,3,10,0,4,8,1,377
11770,46,0,0,0,0,3,0,6,0,0,1,0,0,10,0,0,4,1,5,47
11840,734,0,0,0,0,0,0,0,5,0,5,0,0,2,8,0,3,7,0,735
11985,728,0,0,0,0,2,3,0,1,5,2,0,0,2,11,0,5,6,2,729
12115,181,0,0,0,0,0,0,0,0,0,3,1,0,1,3,0,4,0,0,182
12151,678,0,0,0,0,8,5,2,5,3,1,5,0,5,23,1,11,16,2,679
12280,334,0,0,0,0,1,3,8,3,2,9,11,0,24,13,0,4,32,1,335
12307,447,0,0,0,0,1,1,0,0,3,0,2,0,1,6,0,4,0,3,448
12467,228,0,0,0,0,0,1,0,0,2,0,1,0,1,3,0,3,0,1,229
12471,856,0,0,0,0,2,4,2,0,0,0,1,0,6,3,0,3,6,0,857
12592,522,0,0,0,0,0,0,0,0,0,0,1,0,1,0,0,0,1,0,523
12632,247,0,0,0,0,3,4,0,1,1,1,3,0,10,3,0,8,2,3,248
12681,526,0,0,0,0,3,4,7,11,16,6,1,0,18,30,0,20,26,2,527
12748,265,0,0,0,0,1,1,0,0,2,0,1,0,3,2,0,1,2,2,266
12754,651,0,0,0,0,23,21,9,12,8,28,34,0,5,130,0,6,128,1,652
12755,163,0,0,0,0,1,1,0,0,2,0,0,0,2,2,0,2,1,1,164
12840,917,0,0,0,0,1,0,0,4,1,0,0,0,3,3,0,1,4,1,918
12845,888,0,0,0,0,2,0,0,1,0,0,1,0,2,1,1,1,1,2,889
12848,87,0,0,0,0,1,0,0,2,0,0,0,0,1,1,1,0,3,0,88
12879,719,0,0,0,0,2,0,5,1,1,0,0,0,3,6,0,1,2,6,720
12895,19,0,0,0,0,1,1,0,3,7,3,4,0,14,5,0,18,1,0,20
13013,331,0,0,0,0,4,0,0,4,5,0,1,0,7,7,0,6,5,3,332
13084,330,0,0,0,0,7,11,0,0,3,0,0,0,18,3,0,0,21,0,331
13165,189,0,0,0,0,1,3,0,0,0,0,0,0,4,0,0,1,3,0,190
13315,608,0,0,0,0,2,0,0,0,0,1,0,0,1,2,0,2,1,0,609
13337,305,0,0,0,0,8,3,5,2,2,0,5,0,13,12,0,5,12,8,306
13363,813,0,0,0,0,0,1,4,0,0,0,0,0,1,4,0,5,0,0,814
13427,653,0,0,0,0,0,2,1,2,0,0,0,0,1,4,0,0,4,1,654
13452,671,0,0,0,0,0,2,0,1,1,5,2,0,3,8,0,8,3,0,672
13491,980,0,0,0,0,0,6,2,2,1,0,0,0,5,6,0,11,0,0,981
13495,454,0,0,0,0,0,2,1,0,1,0,2,0,3,3,0,1,4,1,455
13500,538,0,0,0,0,0,1,0,0,0,2,2,0,3,1,1,1,4,0,539
13523,867,0,0,0,0,0,5,0,1,3,0,1,0,10,0,0,4,0,6,868
13581,919,0,0,0,0,0,3,0,0,0,0,0,0,3,0,0,3,0,0,920
13651,573,0,0,0,0,0,1,0,0,0,0,0,0,1,0,0,0,0,1,574
13659,918,0,0,0,0,0,1,0,0,0,0,0,0,1,0,0,1,0,0,919
13743,368,0,0,0,0,0,2,1,0,0,1,0,0,2,2,0,2,2,0,369
13779,851,0,0,0,0,2,2,2,0,0,0,1,0,1,6,0,4,3,0,852
13852,148,0,0,0,0,5,7,5,1,0,1,0,0,19,0,0,1,18,0,149
13974,259,0,0,0,0,0,2,0,2,0,0,5,0,1,8,0,7,0,2,260
14004,947,0,0,0,0,0,3,0,2,0,1,0,0,3,3,0,0,6,0,948
14033,451,0,0,0,0,0,6,1,2,6,0,0,0,13,2,0,9,6,0,452
14171,982,0,0,0,0,1,2,8,8,2,0,0,0,19,2,0,18,3,0,983
14239,652,0,0,0,0,16,5,5,0,3,0,5,0,29,5,0,30,4,0,653
14272,877,0,0,0,0,13,25,8,12,15,4,13,0,8,82,0,20,69,1,878
14276,384,0,0,0,0,0,4,0,0,1,0,0,0,4,1,0,4,0,1,385
14287,135,0,0,0,0,0,1,0,0,1,2,0,0,3,1,0,4,0,0,136
14301,450,0,0,0,0,0,1,4,5,0,0,0,0,10,0,0,0,10,0,451
14314,670,0,0,0,0,0,4,0,0,0,0,3,0,2,5,0,4,1,2,671
14638,434,0,0,0,0,0,0,3,0,0,0,0,0,3,0,0,0,0,3,435
14646,490,0,0,0,0,0,0,2,0,1,0,2,0,5,0,0,3,0,2,491
14748,645,0,0,0,0,6,8,7,0,8,2,0,0,24,7,0,2,7,22,646
14759,375,0,0,0,0,1,0,1,0,0,0,0,0,1,1,0,1,0,1,376
14856,115,0,0,0,0,0,0,1,3,2,2,0,0,5,3,0,7,0,1,116
15047,146,0,0,0,0,0,1,3,6,4,6,7,0,21,6,0,5,7,15,147
15177,597,0,0,0,0,1,1,2,3,1,0,0,0,1,5,2,3,4,1,598
15209,369,0,0,0,0,2,1,2,2,4,1,1,0,10,3,0,10,1,2,370
15274,598,0,0,0,0,0,1,3,0,0,0,0,0,4,0,0,1,3,0,599
15487,289,0,0,0,0,0,0,1,0,0,0,0,0,1,0,0,0,1,0,290
15586,763,0,0,0,0,15,11,10,9,2,6,5,0,18,40,0,27,7,24,764
15674,674,0,0,0,0,1,1,2,1,0,0,0,0,2,3,0,1,1,3,675
15756,236,0,0,0,0,0,0,0,1,0,0,0,0,1,0,0,1,0,0,237
15803,276,0,0,0,0,3,1,0,3,3,4,0,0,10,4,0,12,2,0,277
15847,620,0,0,0,0,1,0,0,1,1,0,0,0,2,1,0,1,1,1,621
15904,615,0,0,0,0,19,3,0,4,2,0,17,0,1,44,0,3,42,0,616
15942,617,0,0,0,0,34,63,62,161,54,23,33,0,65,365,0,9,350,71,618
15959,16,0,0,0,0,0,5,8,7,2,9,3,0,1,32,1,21,12,1,17
15982,157,0,0,0,0,1,1,0,20,1,0,0,0,15,8,0,17,5,1,158
16049,303,0,0,0,0,0,1,1,4,0,1,5,0,3,9,0,5,7,0,304
16543,834,0,0,0,0,2,4,0,0,4,3,3,0,2,12,2,5,1,10,835
16637,53,0,0,0,0,1,1,0,2,2,4,1,0,2,9,0,4,5,2,54
16809,428,0,0,0,0,4,0,0,0,6,2,3,0,6,9,0,8,5,2,429
16887,258,0,0,0,0,3,4,1,4,8,4,7,0,16,15,0,6,23,2,259
16898,239,0,0,0,0,0,4,2,0,6,9,5,0,5,20,1,19,7,0,240
16974,886,0,0,0,0,3,0,0,0,1,1,0,0,1,4,0,5,0,0,887
17052,940,0,0,0,0,0,0,0,0,2,0,0,0,2,0,0,2,0,0,941
17087,552,0,0,0,0,3,0,10,0,1,0,1,0,12,3,0,1,12,2,553
17089,25,0,0,0,0,4,2,1,1,1,1,2,0,6,6,0,4,5,3,26
17404,644,0,0,0,0,2,0,0,0,3,1,2,0,2,6,0,2,5,1,645
17764,475,0,0,0,0,1,4,3,0,2,1,0,0,2,9,0,7,1,3,476
17767,323,0,0,0,0,1,2,2,0,1,2,1,0,4,5,0,3,5,1,324
17841,329,0,0,0,0,3,0,1,0,2,5,0,0,6,5,0,9,0,2,330
17975,974,0,0,0,0,2,0,0,1,1,3,0,0,1,5,1,5,1,1,975
18023,837,0,0,0,0,2,0,0,0,1,2,5,0,2,8,0,0,10,0,838
18249,913,0,0,0,0,0,1,0,0,0,3,1,0,2,3,0,4,1,0,914
18436,404,0,0,0,0,0,0,0,1,3,2,6,0,1,11,0,12,0,0,405
18443,518,0,0,0,0,0,0,0,0,0,0,3,0,3,0,0,3,0,0,519
18505,431,0,0,0,0,0,0,1,3,1,0,1,0,2,4,0,5,1,0,432
18556,515,0,0,0,0,0,1,0,0,1,0,1,0,3,0,0,2,1,0,516
18829,778,0,0,0,0,10,6,1,4,5,5,1,0,3,29,0,13,19,0,779
18975,835,0,0,0,0,6,1,0,0,4,2,1,0,2,12,0,7,5,2,836
19082,313,0,0,0,0,1,3,1,0,0,0,0,0,4,1,0,4,0,1,314
19103,874,0,0,0,0,2,0,3,0,0,0,1,0,2,1,3,0,6,0,875
19136,817,0,0,0,0,3,0,0,0,0,0,0,0,1,1,1,2,1,0,818
19493,512,0,0,0,0,2,1,1,0,0,0,0,0,1,3,0,0,1,3,513
19551,211,0,0,0,0,2,0,0,1,0,0,0,0,3,0,0,0,2,1,212
19859,61,0,0,0,0,7,11,8,6,9,0,1,0,1,11,30,41,1,0,62
19879,60,0,0,0,0,0,2,0,1,0,0,0,0,1,2,0,3,0,0,61
19944,406,0,0,0,0,8,6,12,22,13,1,5,0,3,24,40,17,49,1,407
20097,152,0,0,0,0,2,2,0,0,0,3,8,0,5,10,0,14,0,1,153
20230,249,0,0,0,0,0,3,8,3,0,0,1,0,12,3,0,13,2,0,250
20509,137,0,0,0,0,0,3,2,2,4,2,0,0,2,2,9,2,10,1,138
20665,283,0,0,0,0,1,0,12,2,1,0,0,0,14,2,0,12,4,0,284
20745,676,0,0,0,0,0,0,2,0,2,0,0,0,1,3,0,4,0,0,677
20791,167,0,0,0,0,0,0,3,0,2,2,0,0,7,0,0,7,0,0,168
20919,945,0,0,0,0,2,0,26,0,14,10,3,0,40,15,0,5,47,3,946
20927,1014,0,0,0,0,9,13,14,10,3,14,7,0,4,47,19,4,66,0,1015
20977,990,0,0,0,0,0,0,1,0,0,0,0,0,1,0,0,1,0,0,991
21028,723,0,0,0,0,1,0,1,6,0,6,1,0,5,6,4,2,8,5,724
21397,113,0,0,0,0,1,0,0,2,0,0,0,0,1,2,0,2,1,0,114
21497,64,0,0,0,0,0,0,0,2,0,0,0,0,2,0,0,2,0,0,65
21502,727,0,0,0,0,0,1,0,1,1,2,2,0,4,3,0,5,1,1,728
21529,314,0,0,0,0,0,0,0,1,1,0,1,0,2,1,0,1,2,0,315
21566,870,0,0,0,0,0,1,0,2,0,0,0,0,2,1,0,3,0,0,871
21636,993,0,0,0,0,4,3,0,7,1,0,2,0,4,13,0,2,13,2,994
21680,1019,0,0,0,0,7,3,2,3,4,4,1,0,11,13,0,2,7,15,1020
21681,976,0,0,0,0,0,0,0,2,0,0,0,0,2,0,0,1,0,1,977
21762,855,0,0,0,0,0,0,0,1,0,0,0,0,1,0,0,0,1,0,856
21793,351,0,0,0,0,0,4,1,2,0,0,0,0,2,5,0,6,1,0,352
21927,774,0,0,0,0,0,0,0,0,1,0,0,0,1,0,0,1,0,0,775
21929,298,0,0,0,0,5,5,2,5,6,2,5,0,2,28,0,4,26,0,299
21968,739,0,0,0,0,0,0,0,1,1,0,5,0,3,4,0,7,0,0,740
21977,640,0,0,0,0,0,0,0,0,1,0,2,0,3,0,0,3,0,0,641
21979,378,0,0,0,0,0,1,0,0,1,0,0,0,1,1,0,1,1,0,379
22031,537,0,0,0,0,3,0,0,0,7,1,0,0,6,5,0,1,4,6,538
22058,965,0,0,0,0,0,0,0,0,1,0,0,0,1,0,0,0,1,0,966
22319,63,0,0,0,0,20,10,6,12,22,21,6,0,63,34,0,1,96,0,64
22460,624,0,0,0,0,0,0,0,0,3,1,1,0,4,1,0,2,3,0,625
22465,768,0,0,0,0,0,1,5,27,11,0,3,0,1,46,0,6,41,0,769
22484,726,0,0,0,0,0,0,0,0,1,0,0,0,1,0,0,1,0,0,727
22850,618,0,0,0,0,0,5,3,2,8,2,0,0,8,12,0,11,9,0,619
22869,701,0,0,0,0,3,2,2,3,3,4,1,0,3,15,0,15,1,2,702
22949,771,0,0,0,0,1,2,0,0,1,1,0,0,1,4,0,4,0,1,772
22961,800,0,0,0,0,0,0,0,0,0,2,7,0,1,7,1,1,8,0,801
22985,845,0,0,0,0,1,1,4,0,3,4,2,0,11,4,0,1,13,1,846
23110,600,0,0,0,0,0,0,0,0,0,1,0,0,1,0,0,1,0,0,601
23160,1000,0,0,0,0,0,0,0,0,0,3,0,0,3,0,0,3,0,0,1001
23174,996,0,0,0,0,0,1,2,0,0,1,0,0,1,3,0,3,1,0,997
23240,178,0,0,0,0,0,0,0,0,0,1,0,0,1,0,0,1,0,0,179
23563,243,0,0,0,0,0,0,0,3,0,0,2,0,5,0,0,0,3,2,244
23630,483,0,0,0,0,0,0,0,0,0,1,2,0,2,1,0,0,3,0,484
23660,960,0,0,0,0,3,2,1,1,1,2,1,0,2,6,3,5,2,4,961
23865,449,0,0,0,0,0,3,1,15,0,0,6,0,25,0,0,0,25,0,450
24158,457,0,0,0,0,1,0,0,0,0,0,0,0,1,0,0,1,0,0,458
24275,107,0,0,0,0,9,4,3,6,5,4,2,0,2,31,0,6,24,3,108
24405,45,0,0,0,0,1,1,0,0,0,0,0,0,1,1,0,2,0,0,46
24647,123,0,0,0,0,2,0,0,2,2,0,0,0,2,4,0,2,2,2,124
24662,130,0,0,0,0,1,0,0,0,0,1,1,0,1,2,0,3,0,0,131
24669,985,0,0,0,0,1,0,5,1,0,0,0,0,1,6,0,6,1,0,986
24831,269,0,0,0,0,2,5,2,0,0,0,3,0,6,6,0,3,9,0,270
25161,1006,0,0,0,0,0,2,0,0,0,0,0,0,1,1,0,0,0,2,1007
25236,372,0,0,0,0,0,4,2,0,0,0,0,0,6,0,0,6,0,0,373
25634,911,0,0,0,0,0,3,0,0,0,0,2,0,2,3,0,2,1,2,912
25673,407,0,0,0,0,5,12,1,12,12,5,3,0,11,39,0,37,1,12,408
25845,955,0,0,0,0,0,2,0,0,1,0,0,0,3,0,0,0,3,0,956
25998,715,0,0,0,0,0,0,5,0,2,2,1,0,7,3,0,7,0,3,716
26188,616,0,0,0,0,1,0,3,0,0,0,2,0,2,4,0,2,3,1,617
26567,983,0,0,0,0,0,0,1,13,0,0,0,0,1,13,0,14,0,0,984
26579,636,0,0,0,0,0,0,1,4,12,4,3,0,16,8,0,2,22,0,637
26933,188,0,0,0,0,0,0,0,2,0,1,0,0,1,2,0,1,2,0,189
27271,871,0,0,0,0,0,0,6,1,1,1,0,0,1,8,0,8,1,0,872
27440,253,0,0,0,0,0,0,0,0,1,0,1,0,1,0,1,0,1,1,254
27515,531,0,0,0,0,0,0,0,0,1,0,0,0,1,0,0,0,1,0,532
27622,278,0,0,0,0,0,0,0,0,1,0,0,0,1,0,0,0,1,0,279
27651,733,0,0,0,0,0,0,0,0,3,0,0,0,3,0,0,3,0,0,734
27747,832,0,0,0,0,0,1,0,0,1,0,0,0,1,1,0,0,1,1,833
27803,390,0,0,0,0,0,0,0,0,7,0,0,0,2,5,0,2,5,0,391
28123,233,0,0,0,0,23,3,4,7,7,6,19,0,4,65,0,47,21,1,234
28142,836,0,0,0,0,0,0,5,0,0,1,4,0,1,9,0,4,5,1,837
28178,275,0,0,0,0,0,0,0,0,0,2,1,0,2,1,0,3,0,0,276
28263,357,0,0,0,0,0,0,0,0,0,2,1,0,2,1,0,1,2,0,358
29127,989,0,0,0,0,2,0,0,3,0,0,1,0,0,5,1,4,2,0,990
29771,171,0,0,0,0,1,0,1,0,0,0,0,0,0,2,0,2,0,0,172
30267,360,0,0,0,0,1,1,0,2,0,0,1,0,0,4,1,4,1,0,361
30664,575,0,0,0,0,0,1,0,0,0,0,0,0,0,1,0,0,1,0,576
31054,74,0,0,0,0,0,0,1,0,0,0,0,0,0,1,0,1,0,0,75
31498,584,0,0,0,0,1,0,11,1,3,1,0,0,0,17,0,14,0,3,585
31516,213,0,0,0,0,1,0,1,0,2,1,0,0,0,5,0,1,0,4,214
32101,973,0,0,0,0,0,0,0,1,2,0,0,0,0,3,0,1,2,0,974
32411,863,0,0,0,0,0,0,0,1,0,0,2,0,0,3,0,0,3,0,864
32525,707,0,0,0,0,4,3,3,1,2,0,0,0,0,13,0,2,11,0,708
33312,166,0,0,0,0,0,0,0,0,2,0,0,0,0,2,0,2,0,0,167
33461,23,0,0,0,0,2,4,0,2,5,3,2,0,0,18,0,0,18,0,24
34374,96,0,0,0,0,1,0,0,0,0,1,1,0,0,2,1,1,0,2,97
34675,868,0,0,0,0,0,0,0,2,0,1,0,0,0,3,0,2,1,0,869
35118,519,0,0,0,0,1,0,8,3,0,0,1,0,0,13,0,1,0,12,520
35238,50,0,0,0,0,1,0,0,0,0,0,2,0,0,3,0,2,1,0,51
35538,721,0,0,0,0,0,0,0,2,0,0,1,0,0,3,0,3,0,0,722
35784,389,0,0,0,0,1,0,0,0,0,0,0,0,0,1,0,1,0,0,390
35878,605,0,0,0,0,6,5,5,2,1,4,6,0,0,29,0,0,29,0,606
35955,57,0,0,0,0,2,1,0,1,0,0,1,0,0,5,0,1,3,1,58
36367,1020,0,0,0,0,1,0,0,0,0,0,0,0,0,1,0,1,0,0,1021
36940,433,0,0,0,0,0,1,0,0,1,0,0,0,0,2,0,0,1,1,434
37235,828,0,0,0,0,0,1,0,0,0,0,0,0,0,1,0,1,0,0,829
37648,349,0,0,0,0,0,12,0,0,0,0,0,0,0,12,0,0,12,0,350
37875,904,0,0,0,0,0,1,1,9,14,0,0,0,0,25,0,0,25,0,905
39280,4,0,0,0,0,0,0,0,1,0,0,0,0,0,1,0,1,0,0,5
39314,347,0,0,0,0,0,0,0,1,0,2,0,0,0,3,0,1,1,1,348
39733,843,0,0,0,0,1,1,1,1,2,1,1,0,0,8,0,8,0,0,844
39847,696,0,0,0,0,0,0,0,1,0,0,0,0,0,1,0,0,0,1,697
40033,120,0,0,0,0,0,0,1,2,0,0,0,0,0,3,0,3,0,0,121
40717,268,0,0,0,0,0,2,1,0,1,0,3,0,0,7,0,1,6,0,269
41378,998,0,0,0,0,0,0,0,0,2,0,0,0,0,2,0,0,2,0,999
41760,427,0,0,0,0,0,0,0,0,0,1,0,0,0,1,0,1,0,0,428
42785,507,0,0,0,0,0,0,0,0,0,0,1,0,0,1,0,1,0,0,508
42965,241,0,0,0,0,0,0,0,0,0,0,1,0,0,1,0,1,0,0,242
43136,844,0,0,0,0,0,1,1,0,0,0,2,0,0,4,0,2,2,0,845
43279,744,0,0,0,0,0,0,0,0,0,4,1,0,0,4,1,0,4,1,745
43329,443,0,0,0,0,1,1,0,0,0,0,1,0,0,3,0,3,0,0,444
43617,823,0,0,0,0,1,0,0,0,0,0,4,0,0,5,0,0,5,0,824
43863,879,0,0,0,0,11,0,0,0,0,0,2,0,0,13,0,13,0,0,880
43940,970,0,0,0,0,3,0,0,0,0,0,0,0,0,3,0,0,0,3,971
44146,92,0,0,0,0,1,0,0,0,0,0,0,0,0,1,0,0,0,1,93
44151,872,0,0,0,0,1,0,0,0,0,0,0,0,0,1,0,1,0,0,873
44185,1017,0,0,0,0,1,0,0,0,0,0,0,0,0,1,0,1,0,0,1018
44521,480,0,0,0,0,5,4,0,3,0,2,4,0,0,18,0,12,6,0,481
47254,235,0,0,0,0,0,0,2,2,2,1,1,0,0,7,1,8,0,0,236
47718,629,0,0,0,0,0,0,0,2,0,0,0,0,0,2,0,2,0,0,630
49470,354,0,0,0,0,0,0,0,0,0,1,0,0,0,1,0,0,1,0,355
50944,256,0,0,0,0,1,0,0,0,0,0,0,0,0,1,0,1,0,0,257
51128,961,0,0,0,0,0,1,0,0,0,0,0,0,0,1,0,1,0,0,962
51142,170,0,0,0,0,0,1,0,0,0,0,0,0,0,1,0,0,0,1,171
51198,986,0,0,0,0,0,2,3,3,0,0,0,0,0,8,0,8,0,0,987
53834,371,0,0,0,0,0,0,0,0,1,0,0,0,0,1,0,0,1,0,372
54111,839,0,0,0,0,0,0,0,0,1,1,0,0,0,2,0,2,0,0,840
54387,591,0,0,0,0,0,0,1,0,0,1,0,0,0,1,1,2,0,0,592
54901,710,0,0,0,0,0,0,0,0,0,0,1,0,0,1,0,0,1,0,711
55291,745,0,0,0,0,4,0,0,1,0,0,2,0,0,4,3,0,0,7,746
55562,482,0,0,0,0,1,0,0,0,0,1,0,0,0,1,1,1,1,0,483
56523,89,0,0,0,0,0,0,3,0,0,0,0,0,0,0,3,0,0,3,90
57344,1021,0,0,0,0,0,1,0,0,0,1,0,0,0,0,2,0,2,0,1022
58135,207,0,0,0,0,0,0,0,0,0,0,4,0,0,0,4,0,4,0,208
